{"cameraMode":{"drawMode":0,"name":"Shaded","section":"Shading Mode"},"sceneLighting":false,"audioPlay":false,"sceneViewState":{"m_AlwaysRefresh":false,"showFog":true,"showSkybox":false,"showFlares":true,"showImageEffects":true,"showParticleSystems":true,"showVisualEffectGraphs":true,"m_FxEnabled":true},"in2DMode":false,"pivot":{"x":47.33638381958008,"y":2.0590085983276369,"z":29.316322326660158},"rotation":{"x":-0.188864067196846,"y":-0.08528107404708862,"z":0.016690785065293313,"w":-0.9781937003135681},"size":15.478721618652344,"orthographic":false}