{"cameraMode":{"drawMode":0,"name":"Shaded","section":"Shading Mode"},"sceneLighting":false,"audioPlay":false,"sceneViewState":{"m_AlwaysRefresh":false,"showFog":true,"showSkybox":false,"showFlares":true,"showImageEffects":true,"showParticleSystems":true,"showVisualEffectGraphs":true,"m_FxEnabled":true},"in2DMode":false,"pivot":{"x":47.36000061035156,"y":8.408126831054688,"z":28.959999084472658},"rotation":{"x":0.4401244819164276,"y":-0.04374201223254204,"z":0.021103596314787866,"w":0.8967432379722595},"size":25.613176345825197,"orthographic":false}