{"cameraMode":{"drawMode":0,"name":"Shaded","section":"Shading Mode"},"sceneLighting":false,"audioPlay":false,"sceneViewState":{"m_AlwaysRefresh":false,"showFog":true,"showSkybox":false,"showFlares":true,"showImageEffects":true,"showParticleSystems":true,"showVisualEffectGraphs":true,"m_FxEnabled":true},"in2DMode":false,"pivot":{"x":-0.971472442150116,"y":1.1006861925125123,"z":0.46287864446640017},"rotation":{"x":0.06930623948574066,"y":0.9166656136512756,"z":-0.3485238552093506,"w":0.18346549570560456},"size":3.8583269119262697,"orthographic":false}