{"cameraMode":{"drawMode":0,"name":"Shaded","section":"Shading Mode"},"sceneLighting":false,"audioPlay":false,"sceneViewState":{"m_AlwaysRefresh":false,"showFog":true,"showSkybox":false,"showFlares":true,"showImageEffects":true,"showParticleSystems":true,"showVisualEffectGraphs":true,"m_FxEnabled":true},"in2DMode":false,"pivot":{"x":33.82351303100586,"y":1.9252649545669556,"z":23.790508270263673},"rotation":{"x":0.3049878478050232,"y":0.28615233302116396,"z":-0.09702832251787186,"w":0.9032683968544006},"size":2.0072970390319826,"orthographic":false}