{"cameraMode":{"drawMode":0,"name":"Shaded","section":"Shading Mode"},"sceneLighting":false,"audioPlay":false,"sceneViewState":{"m_AlwaysRefresh":false,"showFog":true,"showSkybox":false,"showFlares":true,"showImageEffects":true,"showParticleSystems":true,"showVisualEffectGraphs":true,"m_FxEnabled":true},"in2DMode":false,"pivot":{"x":-2.682209014892578e-7,"y":3.6700000762939455,"z":0.19600093364715577},"rotation":{"x":0.06930623948574066,"y":0.9166656136512756,"z":-0.3485238552093506,"w":0.18346549570560456},"size":0.4281313121318817,"orthographic":false}