{"cameraMode":{"drawMode":0,"name":"Shaded","section":"Shading Mode"},"sceneLighting":true,"audioPlay":false,"sceneViewState":{"m_AlwaysRefresh":false,"showFog":true,"showSkybox":false,"showFlares":true,"showImageEffects":true,"showParticleSystems":true,"showVisualEffectGraphs":true,"m_FxEnabled":true},"in2DMode":false,"pivot":{"x":26.748762130737306,"y":75.55664825439453,"z":51.96579360961914},"rotation":{"x":0.07420799136161804,"y":0.542085587978363,"z":-0.048014864325523379,"w":0.8357313275337219},"size":106.33856964111328,"orthographic":false}