{"cameraMode":{"drawMode":0,"name":"Shaded","section":"Shading Mode"},"sceneLighting":false,"audioPlay":false,"sceneViewState":{"m_AlwaysRefresh":false,"showFog":true,"showSkybox":false,"showFlares":true,"showImageEffects":true,"showParticleSystems":true,"showVisualEffectGraphs":true,"m_FxEnabled":true},"in2DMode":false,"pivot":{"x":47.59042739868164,"y":1.8703721761703492,"z":28.980798721313478},"rotation":{"x":-0.08060885220766068,"y":-0.41161826252937319,"z":0.03685927763581276,"w":-0.9071072936058044},"size":1.7000428438186646,"orthographic":false}