{"cameraMode":{"drawMode":0,"name":"Shaded","section":"Shading Mode"},"sceneLighting":false,"audioPlay":false,"sceneViewState":{"m_AlwaysRefresh":false,"showFog":true,"showSkybox":false,"showFlares":true,"showImageEffects":true,"showParticleSystems":true,"showVisualEffectGraphs":true,"m_FxEnabled":true},"in2DMode":false,"pivot":{"x":48.458709716796878,"y":4.819994926452637,"z":27.334264755249025},"rotation":{"x":0.40364542603492739,"y":-0.16594287753105164,"z":0.07470148801803589,"w":0.8966387510299683},"size":0.8660253882408142,"orthographic":false}